Address,Price
Adaptive Insights,https://www.capterra.com/p/130072/Adaptive-Insights/,(163 reviews)
BOARD,https://www.capterra.com/p/73473/BOARD/,(92 reviews)
ClicData,https://www.capterra.com/p/145730/ClicData/,(83 reviews)
Funnel,https://www.capterra.com/p/156756/Funnel/,(10 reviews)
Corporater Business Management Platform,https://www.capterra.com/p/47491/Corporater-Business-Management-Platform/,(8 reviews)
Manta Flow,https://www.capterra.com/p/145178/Manta-Flow/,(0 reviews)
Adjust,https://www.capterra.com/p/156559/Adjust/,(5 reviews)
Hubble,https://www.capterra.com/p/146846/Hubble/,(79 reviews)
Hotjar,https://www.capterra.com/p/163516/Hotjar/,(150 reviews)
AnswerDock,https://www.capterra.com/p/182315/AnswerDock/,(0 reviews)
ManageEngine Analytics Plus,https://www.capterra.com/p/162096/ManageEngine-Analytics-Plus/,(5 reviews)
MoData,https://www.capterra.com/p/170421/MoData/,(9 reviews)
SysAid,https://www.capterra.com/p/107225/SysAid/,(101 reviews)
Cluvio,https://www.capterra.com/p/162332/Cluvio/,(36 reviews)
TapClicks,https://www.capterra.com/p/145227/TapClicks/,(73 reviews)
Bitrix24,https://www.capterra.com/p/113540/Bitrix24/,(260 reviews)
Competitors App,https://www.capterra.com/p/179374/Competitors-App/,(10 reviews)
Cumul.io,https://www.capterra.com/p/180092/Cumul-io/,(0 reviews)
UltiPro,https://www.capterra.com/p/480/UltiPro/,(697 reviews)
ActivTrak,https://www.capterra.com/p/135366/ActivTrak/,(438 reviews)
Deltek Vision,https://www.capterra.com/p/1404/Deltek-Vision/,(405 reviews)
Magento Business Intelligence,https://www.capterra.com/p/167535/Magento-Business-Intelligence/,(335 reviews)
Power BI,https://www.capterra.com/p/176586/Power-BI/,(296 reviews)
Klipfolio,https://www.capterra.com/p/130237/Klipfolio-Dashboard/,(146 reviews)
QlikView,https://www.capterra.com/p/76851/QlikView/,(107 reviews)
SAP BusinessObjects,https://www.capterra.com/p/92075/SAP-BusinessObjects/,(105 reviews)
SAP Crystal Reports,https://www.capterra.com/p/144572/SAP-Crystal-Reports/,(104 reviews)
WebFOCUS,https://www.capterra.com/p/118/WebFOCUS/,(102 reviews)
BI360,https://www.capterra.com/p/160355/BI360/,(69 reviews)
Stratum,https://www.capterra.com/p/75528/Stratum/,(49 reviews)
Necto,https://www.capterra.com/p/15156/Necto/,(46 reviews)
Informer,https://www.capterra.com/p/122059/Informer/,(44 reviews)
Oracle Business Intelligence,https://www.capterra.com/p/180/Oracle-Business-Intelligence/,(44 reviews)
Birst,https://www.capterra.com/p/119914/Birst/,(37 reviews)
SAP Analytics Cloud,https://www.capterra.com/p/163200/SAP-Analytics-Cloud/,(36 reviews)
TIBCO Spotfire,https://www.capterra.com/p/81277/TIBCO-Spotfire/,(34 reviews)
Pentaho Business Analytics,https://www.capterra.com/p/78014/Pentaho-Business-Analytics/,(34 reviews)
Holistics,https://www.capterra.com/p/153101/Holistics/,(29 reviews)
TARGIT Decision Suite,https://www.capterra.com/p/68488/TARGIT-BI-Suite/,(29 reviews)
MicroStrategy Enterprise Analytics,https://www.capterra.com/p/120/MicroStrategy-9/,(28 reviews)
SAS Business Intelligence,https://www.capterra.com/p/127/SAS-Business-Intelligence/,(27 reviews)
Datadeck,https://www.capterra.com/p/171239/DataDeck/,(26 reviews)
Phocas Software,https://www.capterra.com/p/141678/Phocas-Software/,(25 reviews)
iDashboards,https://www.capterra.com/p/56408/iDashboards/,(23 reviews)
CARTO,https://www.capterra.com/p/140192/CartoDB/,(22 reviews)
Periscope,https://www.capterra.com/p/156526/Periscope/,(22 reviews)
OCTELAS,https://www.capterra.com/p/167953/OCTELAS/,(17 reviews)
Altair SmartSight,https://www.capterra.com/p/155573/Envision/,(16 reviews)
SAP Lumira,https://www.capterra.com/p/145987/SAP-BusinessObjects-Lumira/,(16 reviews)
ProfitSword,https://www.capterra.com/p/156722/ProfitSword/,(15 reviews)
PINpoint,https://www.capterra.com/p/156040/PINpoint/,(14 reviews)
Iridium BI,https://www.capterra.com/p/177410/Iridium-BI/,(13 reviews)
Xtraction,https://www.capterra.com/p/95984/Xtraction/,(13 reviews)
DashThis,https://www.capterra.com/p/163170/DashThis/,(11 reviews)
Kyubit Business Intelligence,https://www.capterra.com/p/146822/Kyubit-Business-Intelligence/,(10 reviews)
MITS Distributor Analytics,https://www.capterra.com/p/82847/MITS-Distributor-Analytics/,(10 reviews)
Slemma,https://www.capterra.com/p/153269/Slemma/,(10 reviews)
BIME,https://www.capterra.com/p/132248/BIME/,(10 reviews)
DataFox,https://www.capterra.com/p/157970/DataFox/,(10 reviews)
The Diver Platform,https://www.capterra.com/p/112/The-Diver-Platform/,(9 reviews)
DataHero,https://www.capterra.com/p/170664/DataHero/,(9 reviews)
CleverAnalytics,https://www.capterra.com/p/174128/CleverAnalytics/,(8 reviews)
Planhat,https://www.capterra.com/p/149430/Planhat/,(8 reviews)
DBHawk,https://www.capterra.com/p/143486/DBHawk/,(8 reviews)
GoodData,https://www.capterra.com/p/123828/GoodData/,(8 reviews)
datapine,https://www.capterra.com/p/133176/datapine/,(7 reviews)
BizNet Content,https://www.capterra.com/p/129266/BizNet-Content/,(7 reviews)
Viur,https://www.capterra.com/p/144583/Viur/,(7 reviews)
FUTRLI,https://www.capterra.com/p/169761/FUTRLI/,(7 reviews)
Easy Insight,https://www.capterra.com/p/164600/Easy-Insight/,(6 reviews)
Pi,https://www.capterra.com/p/148052/Panintelligence/,(6 reviews)
InfoZoom,https://www.capterra.com/p/108192/InfoZoom/,(6 reviews)
Quicksight,https://www.capterra.com/p/169810/Quicksight/,(6 reviews)
JReport,https://www.capterra.com/p/85090/JReport/,(5 reviews)
Nexla,https://www.capterra.com/p/159398/Nexla/,(5 reviews)
Veera Construct,https://www.capterra.com/p/118955/Rapid-Insight-Veera/,(5 reviews)
flex.bi,https://www.capterra.com/p/163183/flex-bi/,(5 reviews)
Zerion Software,https://www.capterra.com/p/155402/iFormBuilder/,(5 reviews)
IntelliFront BI,https://www.capterra.com/p/14403/IntelliFront-BI/,(5 reviews)
Spotlight Reporting,https://www.capterra.com/p/159553/Spotlight-Reporting/,(5 reviews)
Infor CloudSuite Business,https://www.capterra.com/p/146005/Infor-CloudSuite-Business/,(5 reviews)
OQLIS Analytics,https://www.capterra.com/p/152470/OQLIS-Analytics/,(5 reviews)
Active Intelligence,https://www.capterra.com/p/153991/Active-Intelligence/,(4 reviews)
InsFocus BI,https://www.capterra.com/p/84993/InsFocus-BI/,(4 reviews)
Extensions,https://www.capterra.com/p/21550/Extensions/,(4 reviews)
Datameer,https://www.capterra.com/p/107729/Datameer/,(4 reviews)
Mereo,https://www.capterra.com/p/146246/Mereo/,(4 reviews)
9Lenses,https://www.capterra.com/p/135431/9Lenses/,(3 reviews)
Avora,https://www.capterra.com/p/146439/Avora/,(3 reviews)
InduSoft Web Studio,https://www.capterra.com/p/107888/InduSoft-Web-Studio/,(3 reviews)
InMoment,https://www.capterra.com/p/160599/InMoment/,(3 reviews)
Toucan Toco,https://www.capterra.com/p/175762/Toucan-Toco/,(3 reviews)
Cloudera Enterprise,https://www.capterra.com/p/116729/Cloudera-Enterprise/,(3 reviews)
Doxami,https://www.capterra.com/p/162383/Doxami/,(3 reviews)
icCube,https://www.capterra.com/p/133024/icCube/,(3 reviews)
Mode Analytics,https://www.capterra.com/p/160585/Mode-Analytics/,(3 reviews)
Redash,https://www.capterra.com/p/152656/Redash/,(3 reviews)
SRK,https://www.capterra.com/p/161520/SRK/,(3 reviews)
andara,https://www.capterra.com/p/142402/andara/,(2 reviews)
Bookwize,https://www.capterra.com/p/130168/Bookwize/,(2 reviews)
Clickbase BI,https://www.capterra.com/p/85015/Clickbase-BI/,(2 reviews)
Collective[i],https://www.capterra.com/p/178682/Collective-i/,(2 reviews)
Enhencer,https://www.capterra.com/p/172841/Enhencer/,(2 reviews)
OWOX BI,https://www.capterra.com/p/148057/OWOX-BI/,(2 reviews)
Wonderware Intelligence,https://www.capterra.com/p/165457/Wonderware-Intelligence/,(2 reviews)
Yaguara,https://www.capterra.com/p/178521/Yaguara/,(2 reviews)
Analytics,https://www.capterra.com/p/155802/Analytics/,(2 reviews)
Cyberquery,https://www.capterra.com/p/42468/Cyberquery/,(2 reviews)
GMDH Shell,https://www.capterra.com/p/124333/GMDH-Shell/,(2 reviews)
Pyramid,https://www.capterra.com/p/116928/Pyramid/,(2 reviews)
Performax360,https://www.capterra.com/p/171192/Performax360/,(2 reviews)
SpotIQ,https://www.capterra.com/p/161024/ThoughtSpot/,(2 reviews)
webKPI BI Dashboards Platform,https://www.capterra.com/p/131986/webKPI-BI-Dashboards-Platform/,(2 reviews)
AMMRAS,https://www.capterra.com/p/154477/AMMRAS/,(1 review)
Anstrex,https://www.capterra.com/p/180428/Anstrex/,(1 review)
Artus,https://www.capterra.com/p/49592/Artus/,(1 review)
Contour BI,https://www.capterra.com/p/158256/Contour-BI/,(1 review)
Decision Critical Enterprise Modeling,https://www.capterra.com/p/177449/Decision-Critical-Enterprise-Modeling/,(1 review)
ElegantJ BI,https://www.capterra.com/p/80877/ElegantJ-BI/,(1 review)
FAST,https://www.capterra.com/p/85148/FAST/,(1 review)
Flight,https://www.capterra.com/p/172740/Flight/,(1 review)
Genialcloud Analysis,https://www.capterra.com/p/180034/Avantune/,(1 review)
HelicalInsight,https://www.capterra.com/p/152397/HelicalInsight/,(1 review)
JCA Answers,https://www.capterra.com/p/179398/JCA-Answers/,(1 review)
Jet Enterprise,https://www.capterra.com/p/117613/Jet-Enterprise/,(1 review)
jsreport,https://www.capterra.com/p/134110/jsreport/,(1 review)
Krunchbox,https://www.capterra.com/p/179361/Krunchbox/,(1 review)
Marketing Town,https://www.capterra.com/p/147272/Marketing-Town/,(1 review)
Metabase,https://www.capterra.com/p/176651/Metabase/,(1 review)
Netapp Oncommand Insight,https://www.capterra.com/p/170441/Netapp-Oncommand-Insight/,(1 review)
PLANAMIND,https://www.capterra.com/p/160490/PLANAMIND/,(1 review)
PRISM,https://www.capterra.com/p/182532/PRISM/,(1 review)
ReportServer,https://www.capterra.com/p/127292/ReportServer/,(1 review)
RJMetrics,https://www.capterra.com/p/89212/RJMetrics/,(1 review)
Sharepoint Vitals,https://www.capterra.com/p/166932/Sharepoint-Vitals/,(1 review)
SICASOFT SBI,https://www.capterra.com/p/150801/SICASOFT-SBI/,(1 review)
SiQueries CloudBI,https://www.capterra.com/p/151640/SiQueries-QuickSense/,(1 review)
StarDQ,https://www.capterra.com/p/147871/StarDQ/,(1 review)
TimelinePI,https://www.capterra.com/p/173117/TimelinePI/,(1 review)
Toolpack365,https://www.capterra.com/p/166896/Toolpack/,(1 review)
TrackResults,https://www.capterra.com/p/175468/TrackResults/,(1 review)
Trevor.io,https://www.capterra.com/p/155488/TrevorMyData/,(1 review)
vCube Suite,https://www.capterra.com/p/110935/vCube-BI-Excel-Addin/,(1 review)
Vizard,https://www.capterra.com/p/161489/Vizard/,(1 review)
Atlas,https://www.capterra.com/p/152821/Atlas/,(1 review)
BIO,https://www.capterra.com/p/134501/BIO/,(1 review)
Bookvalu,https://www.capterra.com/p/170213/Bookvalu/,(1 review)
DataRPM,https://www.capterra.com/p/126354/DataRPM/,(1 review)
FICO Xpress Optimization,https://www.capterra.com/p/162284/FICO-Xpress-Optimization/,(1 review)
Floodlight Analytics,https://www.capterra.com/p/155449/Floodlight-Analytics/,(1 review)
Foresight Intelligence Center,https://www.capterra.com/p/116649/Foresight-Intelligence-Center/,(1 review)
Movere,https://www.capterra.com/p/173460/Movere/,(1 review)
Statsbot,https://www.capterra.com/p/163616/Statsbot/,(1 review)
SuperStar Suite,https://www.capterra.com/p/135571/SuperStar-Suite/,(1 review)
Sycle,https://www.capterra.com/p/150010/CAMMS-PowerData/,(1 review)
TreeAge Pro,https://www.capterra.com/p/37230/TreeAge-Pro/,(1 review)
VIEW26,https://www.capterra.com/p/156642/VIEW26/,(1 review)
Visual BI Platform,https://www.capterra.com/p/149082/BI-Platform/,(1 review)
Rosetta.Cloud,https://www.capterra.com/p/161863/Rosetta-Cloud/,(1 review)
1010data,https://www.capterra.com/p/148143/1010data/,(0 reviews)
20/20 Data Analytics,https://www.capterra.com/p/158088/20-20-Data-Analytics/,(0 reviews)
AbiliTec,https://www.capterra.com/p/102/AbiliTec/,(0 reviews)
Access Whiz - AccessToCR,https://www.capterra.com/p/69533/Access-Whiz-AccessToCR/,(0 reviews)
ACTICO Rules,https://www.capterra.com/p/133303/ACTICO-Rules/,(0 reviews)
Actify Centro,https://www.capterra.com/p/167181/Actify-Centro/,(0 reviews)
Affinio,https://www.capterra.com/p/170004/Affinio/,(0 reviews)
Algomus,https://www.capterra.com/p/165030/Algomus/,(0 reviews)
AlignAlytics,https://www.capterra.com/p/130381/AlignAlytics/,(0 reviews)
Analance,https://www.capterra.com/p/161816/Analance/,(0 reviews)
Analytic Visibility Suite,https://www.capterra.com/p/5926/Epistemic-Analytics-Toolkit/,(0 reviews)
Analytic.me,https://www.capterra.com/p/166968/Analytic-me/,(0 reviews)
AnalytiQs,https://www.capterra.com/p/171429/AnalytiQs/,(0 reviews)
Analyzer,https://www.capterra.com/p/111614/Analyzer/,(0 reviews)
Angage,https://www.capterra.com/p/175136/Angage/,(0 reviews)
Answergen,https://www.capterra.com/p/138275/Answergen/,(0 reviews)
Apteco FastStats,https://www.capterra.com/p/101009/FastStats/,(0 reviews)
Arcadia Enterprise,https://www.capterra.com/p/171318/Arcadia-Enterprise/,(0 reviews)
AsteroidIQ,https://www.capterra.com/p/156986/AsteroidIQ/,(0 reviews)
Atlas,https://www.capterra.com/p/124219/Atlas/,(0 reviews)
Axent Intelligence,https://www.capterra.com/p/158113/Axent-Intelligence/,(0 reviews)
AYLIEN Business Intelligence,https://www.capterra.com/p/162866/AYLIEN-Business-Intelligence/,(0 reviews)
B-Metrics,https://www.capterra.com/p/104975/B-Metrics/,(0 reviews)
BankBI,https://www.capterra.com/p/166975/BankBI/,(0 reviews)
Beckon,https://www.capterra.com/p/158342/Beckon/,(0 reviews)
BellaDati,https://www.capterra.com/p/129209/BellaDati/,(0 reviews)
Beyond 20/20 Crime Perspective,https://www.capterra.com/p/17036/Beyond-20-20-Crime-Insight/,(0 reviews)
BI4Cloud,https://www.capterra.com/p/51192/BI4Cloud/,(0 reviews)
BiBoard,https://www.capterra.com/p/168972/BiBoard/,(0 reviews)
Bilander,https://www.capterra.com/p/100747/Binocle/,(0 reviews)
Bilbeo,https://www.capterra.com/p/146733/Bilbeo/,(0 reviews)
BIView for NAV,https://www.capterra.com/p/144687/BIView-for-NAV/,(0 reviews)
BizViz,https://www.capterra.com/p/105288/BizViz/,(0 reviews)
Blendo,https://www.capterra.com/p/171388/Blendo/,(0 reviews)
Blueday,https://www.capterra.com/p/181251/Blueday/,(0 reviews)
Bouquet,https://www.capterra.com/p/160635/Bouquet/,(0 reviews)
Bright Analytics,https://www.capterra.com/p/178460/Bright-Analytics/,(0 reviews)
Business Execution System,https://www.capterra.com/p/78614/Business-Execution-System/,(0 reviews)
Business Intelligence,https://www.capterra.com/p/179099/Business-Intelligence/,(0 reviews)
Business Intelligence Analyzers,https://www.capterra.com/p/365/Business-Intelligence/,(0 reviews)
Business Performance Tools,https://www.capterra.com/p/80819/Business-Performance-Tools/,(0 reviews)
BusinessOptics Platform,https://www.capterra.com/p/146210/BusinessOptics-Modelling-Platform/,(0 reviews)
businessQ,https://www.capterra.com/p/182322/businessq/,(0 reviews)
C8 COCPIT,https://www.capterra.com/p/175512/C8-COCPIT/,(0 reviews)
CaliberMind,https://www.capterra.com/p/155808/CaliberMind/,(0 reviews)
CALUMO,https://www.capterra.com/p/63355/CALUMO/,(0 reviews)
Cicero Discovery,https://www.capterra.com/p/306/Cicero-Discovery/,(0 reviews)
Clarabridge CX Suite,https://www.capterra.com/p/104928/Clarabridge-Enterprise/,(0 reviews)
ClearPredictions.com,https://www.capterra.com/p/142699/ClearPredictions-com/,(0 reviews)
Coanics,https://www.capterra.com/p/181861/Coanics/,(0 reviews)
Cognitive Search and Discovery,https://www.capterra.com/p/106929/Active-Intelligence-Engine/,(0 reviews)
Commission Manager,https://www.capterra.com/p/128815/Commission-Manager/,(0 reviews)
Composable DataOps Platform,https://www.capterra.com/p/180125/Composable-DataOps-Platform/,(0 reviews)
Content Intelligence,https://www.capterra.com/p/171680/Content-Intelligence/,(0 reviews)
Contify,https://www.capterra.com/p/149609/Contify/,(0 reviews)
Corelytics,https://www.capterra.com/p/135808/Corelytics/,(0 reviews)
Cornerstone,https://www.capterra.com/p/148825/Cornerstone/,(0 reviews)
CUBOT,https://www.capterra.com/p/65248/CUBOT/,(0 reviews)
Customer Analytics,https://www.capterra.com/p/130740/Customer-Analytics/,(0 reviews)
Customer Success Optimizer,https://www.capterra.com/p/129604/Customer-Success-Optimizer/,(0 reviews)
DALite,https://www.capterra.com/p/77243/DALite/,(0 reviews)
DaphnaBI,https://www.capterra.com/p/160332/DaphnaBI/,(0 reviews)
Dartboard,https://www.capterra.com/p/157631/Dartboard/,(0 reviews)
Data Pigeon,https://www.capterra.com/p/159877/Data-Pigeon/,(0 reviews)
Datacube,https://www.capterra.com/p/109488/Datacube/,(0 reviews)
Dataddo,https://www.capterra.com/p/141592/Dataddo/,(0 reviews)
DAVinCI LABS,https://www.capterra.com/p/158945/DAVinCI-LABS/,(0 reviews)
Decanter AI,https://www.capterra.com/p/180820/Decanter-AI/,(0 reviews)
Decision Lens,https://www.capterra.com/p/80889/Decision-Lens/,(0 reviews)
Deep.BI,https://www.capterra.com/p/179369/Deep-BI/,(0 reviews)
DeepCoding Delivery Intelligence Platfrom (DIP),https://www.capterra.com/p/179821/DeepCoding-Delivery-Intelligence-Platfrom-DIP/,(0 reviews)
Dynamic AI Enterprise,https://www.capterra.com/p/130779/Dynamic-AI-Enterprise/,(0 reviews)
Dynistics,https://www.capterra.com/p/149148/Dynistics/,(0 reviews)
Dyntell Bi,https://www.capterra.com/p/181806/Dyntell-Bi/,(0 reviews)
EazyBI Cloud,https://www.capterra.com/p/163391/EazyBI-Cloud/,(0 reviews)
Eclipse BIRT,https://www.capterra.com/p/176257/Eclipse-BIRT/,(0 reviews)
emnos Navigator,https://www.capterra.com/p/173424/emnos-Navigator/,(0 reviews)
Enterprise Enabler,https://www.capterra.com/p/141559/Enterprise-Enabler/,(0 reviews)
Exactlly ERP,https://www.capterra.com/p/140056/Exactlly-ERP/,(0 reviews)
Execuvue,https://www.capterra.com/p/167541/Execuvue/,(0 reviews)
Ezora,https://www.capterra.com/p/146550/Ezora/,(0 reviews)
FIBRES,https://www.capterra.com/p/168819/FIBRES/,(0 reviews)
FirstRain,https://www.capterra.com/p/1155/FirstRain/,(0 reviews)
Flockmetrics,https://www.capterra.com/p/154825/Flockmetrics/,(0 reviews)
Foresite SPA,https://www.capterra.com/p/73128/Foresite-SPA/,(0 reviews)
Galigeo,https://www.capterra.com/p/160548/Galigeo/,(0 reviews)
GREG,https://www.capterra.com/p/181840/GREG/,(0 reviews)
Gryphon Sales Intelligence,https://www.capterra.com/p/146599/Sales-Intelligence/,(0 reviews)
HappyMetrix,https://www.capterra.com/p/139872/HappyMetrix/,(0 reviews)
Heat Map Explorer,https://www.capterra.com/p/106349/Heat-Map-Explorer/,(0 reviews)
Hubiz Intelligence,https://www.capterra.com/p/124472/Hubiz-Intelligence/,(0 reviews)
IDOL,https://www.capterra.com/p/170109/IDOL/,(0 reviews)
IGXITE,https://www.capterra.com/p/154112/IGXITE/,(0 reviews)
ImagineIntelligence,https://www.capterra.com/p/177935/ImagineIntelligence/,(0 reviews)
incadea.bi,https://www.capterra.com/p/174846/incadea-bi/,(0 reviews)
IndustriusCFO,https://www.capterra.com/p/146215/IndustriusCFO/,(0 reviews)
InfoCaptor,https://www.capterra.com/p/84972/InfoCaptor/,(0 reviews)
Information Center,https://www.capterra.com/p/169034/Information-Center/,(0 reviews)
Inkling Markets,https://www.capterra.com/p/106691/Inkling-Markets/,(0 reviews)
Inkpad,https://www.capterra.com/p/180787/Inkpad/,(0 reviews)
Innovaccer - Healthcare Data Platform,https://www.capterra.com/p/172663/Care-Intelligence-System/,(0 reviews)
Insight Enterprise,https://www.capterra.com/p/8187/Insight-Enterprise/,(0 reviews)
Intelfolio,https://www.capterra.com/p/159705/Intelfolio/,(0 reviews)
Intelli-BPM,https://www.capterra.com/p/80999/Intelli-BPM/,(0 reviews)
Intelliview NXT,https://www.capterra.com/p/75568/Intelliview-NXT/,(0 reviews)
Invantive Bridge,https://www.capterra.com/p/164913/Invantive-Bridge/,(0 reviews)
IQub BI Suite,https://www.capterra.com/p/20947/IQub-Broswer/,(0 reviews)
IQub Business Intelligence Reporting Solutions,https://www.capterra.com/p/92129/IQub-Business-Intelligence-Reporting-Solutions/,(0 reviews)
Just Manage,https://www.capterra.com/p/150250/Just-Manage/,(0 reviews)
KiniMetrix,https://www.capterra.com/p/143309/KiniMetrix/,(0 reviews)
Knowage,https://www.capterra.com/p/177015/Knowage/,(0 reviews)
Knowi,https://www.capterra.com/p/166145/Knowi/,(0 reviews)
Knowledge Connect,https://www.capterra.com/p/172909/Knowledge-Connect/,(0 reviews)
Knowledge360,https://www.capterra.com/p/92336/Knowledge360/,(0 reviews)
KnowledgeSTUDIO,https://www.capterra.com/p/840/KnowledgeSTUDIO/,(0 reviews)
Known Factors Intelligent Platform,https://www.capterra.com/p/154067/Known-Factors-Intelligent-Platform/,(0 reviews)
Kofax Insight,https://www.capterra.com/p/176748/Kofax-Insight/,(0 reviews)
Lavastorm Analytics Engine,https://www.capterra.com/p/129642/Lavastorm-Analytics-Engine/,(0 reviews)
LiNK,https://www.capterra.com/p/151352/LiNK/,(0 reviews)
Longview Platform,https://www.capterra.com/p/1128/Longview-Platform/,(0 reviews)
MasterDataOnline,https://www.capterra.com/p/153370/MasterDataOnline/,(0 reviews)
Maxene Reporter,https://www.capterra.com/p/14896/Maxene-Reporter/,(0 reviews)
MetaBrite,https://www.capterra.com/p/167533/MetaBrite/,(0 reviews)
Miner3D Enterprise,https://www.capterra.com/p/95964/Miner3D-Enterprise/,(0 reviews)
Neatly.io,https://www.capterra.com/p/143692/Neatly-io/,(0 reviews)
Network360,https://www.capterra.com/p/125638/Network360/,(0 reviews)
NewGrove,https://www.capterra.com/p/161144/NewGrove/,(0 reviews)
Nexidia Analytics,https://www.capterra.com/p/165558/Nexidia-Analytics/,(0 reviews)
NoetixViews,https://www.capterra.com/p/32516/NoetixViews/,(0 reviews)
NOVA,https://www.capterra.com/p/174720/NOVA/,(0 reviews)
Nucleus,https://www.capterra.com/p/149121/Nucleus/,(0 reviews)
Omnichannel Contact Center,https://www.capterra.com/p/164772/OmniChannel/,(0 reviews)
Omnicontext,https://www.capterra.com/p/75387/OmniAnalyser/,(0 reviews)
OmniStrat,https://www.capterra.com/p/116412/OmniStrat/,(0 reviews)
OpenViz,https://www.capterra.com/p/78957/OpenViz/,(0 reviews)
Opposure,https://www.capterra.com/p/164834/Opposure/,(0 reviews)
PageUp HR Data Analytics,https://www.capterra.com/p/167534/PageUp-HR-Data-Analytics/,(0 reviews)
PanBI,https://www.capterra.com/p/167832/PanBI/,(0 reviews)
pcFinancials,https://www.capterra.com/p/145493/pcFinancials/,(0 reviews)
Piik,https://www.capterra.com/p/171619/Piik/,(0 reviews)
PivotData Microservice,https://www.capterra.com/p/156664/PivotData-REST-Service/,(0 reviews)
PlaidCloud Analyze,https://www.capterra.com/p/134193/PlaidCloud-Analyze/,(0 reviews)
PolyVista Pro,https://www.capterra.com/p/86956/PolyVista-Pro/,(0 reviews)
PowerOLAP,https://www.capterra.com/p/162060/PowerOLAP/,(0 reviews)
PredictHQ,https://www.capterra.com/p/153702/PredictHQ/,(0 reviews)
Prognoz Platform,https://www.capterra.com/p/138651/Prognoz-Platform/,(0 reviews)
ProVantage BI Suite,https://www.capterra.com/p/15687/ProVantage-BI-Suite/,(0 reviews)
Proxem Software,https://www.capterra.com/p/131988/Proxem-Software/,(0 reviews)
Putler,https://www.capterra.com/p/179100/Putler/,(0 reviews)
Pygmalios Analytics,https://www.capterra.com/p/172503/Pygmalios-Analytics/,(0 reviews)
Quorum Business Intelligence,https://www.capterra.com/p/86409/Quorum-Business-Intelligence/,(0 reviews)
Ranet OLAP,https://www.capterra.com/p/155604/Ranet-OLAP/,(0 reviews)
Rayven - Industrial business intelligence,https://www.capterra.com/p/173908/Rayven-Industrial-business-intelligence/,(0 reviews)
Report Analyzer,https://www.capterra.com/p/45810/Report-Analyzer/,(0 reviews)
RevealiQ,https://www.capterra.com/p/168182/RevealiQ/,(0 reviews)
REVVA,https://www.capterra.com/p/172243/REVVA/,(0 reviews)
rGuest Analyze,https://www.capterra.com/p/150220/rGuest-Analyze/,(0 reviews)
RSi Analytics Platforms,https://www.capterra.com/p/154971/RSi-Analytics-Platforms/,(0 reviews)
SaasabiPro,https://www.capterra.com/p/136415/SaasabiPro/,(0 reviews)
Salesbeat,https://www.capterra.com/p/178583/Salesbeat/,(0 reviews)
SelfBi,https://www.capterra.com/p/176791/SelfBi/,(0 reviews)
semalytix,https://www.capterra.com/p/181293/semalytix/,(0 reviews)
Sense,https://www.capterra.com/p/163501/Sense/,(0 reviews)
ShareMyInsight,https://www.capterra.com/p/131909/ShareMyInsight/,(0 reviews)
Sherlock,https://www.capterra.com/p/168678/Sherlock/,(0 reviews)
simplebi,https://www.capterra.com/p/153605/simplebi/,(0 reviews)
Social Standards,https://www.capterra.com/p/165311/Social-Standards/,(0 reviews)
SocrateBI,https://www.capterra.com/p/154802/BPWise/,(0 reviews)
SonarVision Enterprise,https://www.capterra.com/p/129643/SonarVision-Enterprise/,(0 reviews)
Storm,https://www.capterra.com/p/154322/Storm/,(0 reviews)
STRATEGY!,https://www.capterra.com/p/71698/STRATEGY/,(0 reviews)
StreamAnalytix,https://www.capterra.com/p/152553/StreamAnalytix/,(0 reviews)
Striim,https://www.capterra.com/p/173369/Striim/,(0 reviews)
TargomoLOOP,https://www.capterra.com/p/181910/Targomo-Fleetplanner-Service/,(0 reviews)
TCM,https://www.capterra.com/p/111112/TCM/,(0 reviews)
Tellius,https://www.capterra.com/p/159608/Tellius/,(0 reviews)
Tenner,https://www.capterra.com/p/179439/Tenner/,(0 reviews)
The Care Cloud,https://www.capterra.com/p/174713/The-Care-Cloud/,(0 reviews)
Theoris Vision Software,https://www.capterra.com/p/31777/Theoris-Vision-Software/,(0 reviews)
Tigli Solutions,https://www.capterra.com/p/155752/Tigli-Solutions/,(0 reviews)
TrackBit,https://www.capterra.com/p/136992/TrackBit/,(0 reviews)
Traken,https://www.capterra.com/p/155432/Traken/,(0 reviews)
TrueSight IT Data Analytics,https://www.capterra.com/p/140943/TrueSight-IT-Data-Analytics/,(0 reviews)
UnlimitedAnalytics,https://www.capterra.com/p/161862/UnlimitedAnalytics/,(0 reviews)
UQube,https://www.capterra.com/p/148772/UQube/,(0 reviews)
USEReady,https://www.capterra.com/p/147538/USEReady/,(0 reviews)
Valuemation Analytics,https://www.capterra.com/p/135239/USU-Service-Intelligence/,(0 reviews)
Viador,https://www.capterra.com/p/340/Viador/,(0 reviews)
Vismatica,https://www.capterra.com/p/133148/Vismatica/,(0 reviews)
VisualCue,https://www.capterra.com/p/155881/VisualCue/,(0 reviews)
VisualKPI,https://www.capterra.com/p/177169/VisualKPI/,(0 reviews)
vitalsBI,https://www.capterra.com/p/167540/vitalsBI/,(0 reviews)
Vivid Reports,https://www.capterra.com/p/129268/Vivid-Reports/,(0 reviews)
Vizdum,https://www.capterra.com/p/150610/Vizdum/,(0 reviews)
Vizion OE,https://www.capterra.com/p/106839/CMvizion/,(0 reviews)
WatchMyCompetitor,https://www.capterra.com/p/143825/WatchMyCompetitor/,(0 reviews)
Wizdee,https://www.capterra.com/p/150830/Wizdee/,(0 reviews)
Wunderdata,https://www.capterra.com/p/132526/Wunderdata/,(0 reviews)
Xagent Alerts,https://www.capterra.com/p/146218/Xagent-Alerts/,(0 reviews)
XcelPros BI,https://www.capterra.com/p/159910/XcelPros-BI/,(0 reviews)
Yodil platform,https://www.capterra.com/p/149087/Yodil-platform/,(0 reviews)
Zepto,https://www.capterra.com/p/179440/Zepto/,(0 reviews)
Zodiac,https://www.capterra.com/p/156794/Zodiac/,(0 reviews)
Zoined,https://www.capterra.com/p/146726/Zoined/,(0 reviews)
